<?xml version="1.0" encoding="UTF-8"?>
<metadata xml:lang="en"><Esri><CreaDate>20140813</CreaDate><CreaTime>15440900</CreaTime><ArcGISFormat>1.0</ArcGISFormat><SyncOnce>FALSE</SyncOnce><DataProperties><itemProps><itemName Sync="TRUE">Brazil_s</itemName><imsContentType Sync="TRUE">002</imsContentType><itemSize Sync="TRUE">0.000</itemSize><itemLocation><linkage Sync="TRUE">file://\\5840JX1\E$\Google Drive\Academic\Harvard\Brasil\Spatial\Brazil Administrative\IBGE 2010\Brazil_s.shp</linkage><protocol Sync="TRUE">Local Area Network</protocol></itemLocation></itemProps><coordRef><type Sync="TRUE">Geographic</type><geogcsn Sync="TRUE">SIRGAS 2000</geogcsn><csUnits Sync="TRUE">Angular Unit: Degree (0.017453)</csUnits><peXml Sync="TRUE">&lt;GeographicCoordinateSystem xsi:type='typens:GeographicCoordinateSystem' xmlns:xsi='http://www.w3.org/2001/XMLSchema-instance' xmlns:xs='http://www.w3.org/2001/XMLSchema' xmlns:typens='http://www.esri.com/schemas/ArcGIS/10.1'&gt;&lt;WKT&gt;GEOGCS[&amp;quot;SIRGAS 2000&amp;quot;,DATUM[&amp;quot;D_SIRGAS2000&amp;quot;,SPHEROID[&amp;quot;Geodetic_Reference_System_of_1980&amp;quot;,6378137.0,298.2572221009113]],PRIMEM[&amp;quot;Greenwich&amp;quot;,0.0],UNIT[&amp;quot;Degree&amp;quot;,0.0174532925199433]]&lt;/WKT&gt;&lt;XOrigin&gt;-400&lt;/XOrigin&gt;&lt;YOrigin&gt;-400&lt;/YOrigin&gt;&lt;XYScale&gt;11258999068426.238&lt;/XYScale&gt;&lt;ZOrigin&gt;-100000&lt;/ZOrigin&gt;&lt;ZScale&gt;10000&lt;/ZScale&gt;&lt;MOrigin&gt;-100000&lt;/MOrigin&gt;&lt;MScale&gt;10000&lt;/MScale&gt;&lt;XYTolerance&gt;8.9831528411952133e-009&lt;/XYTolerance&gt;&lt;ZTolerance&gt;0.001&lt;/ZTolerance&gt;&lt;MTolerance&gt;0.001&lt;/MTolerance&gt;&lt;HighPrecision&gt;true&lt;/HighPrecision&gt;&lt;LeftLongitude&gt;-180&lt;/LeftLongitude&gt;&lt;/GeographicCoordinateSystem&gt;</peXml></coordRef><lineage><Process ToolSource="c:\program files (x86)\arcgis\desktop10.2\ArcToolbox\Toolboxes\Data Management Tools.tbx\Merge" Date="20140813" Time="152842">Merge 17MUE250GC_SIR;11MUE250GC_SIR;24MUE250GC_SIR;33MUE250GC_SIR;22MUE250GC_SIR;25MUE250GC_SIR;15MUE250GC_SIR;51MUE250GC_SIR;31MUE250GC_SIR;21MUE250GC_SIR;52MUE250GC_SIR;32MUE250GC_SIR;53MUE250GC_SIR;23MUE250GC_SIR;29MUE250GC_SIR;16MUE250GC_SIR;13MUE250GC_SIR;27MUE250GC_SIR;12MUE250GC_SIR "C:\Users\Jonny\Google Drive\Academic\Harvard\Brasil\Spatial\Brazil Administrative\2013 IBGE\Brazil.shp" "ID "ID" true true false 11 Double 0 11 ,First,#,17MUE250GC_SIR,ID,-1,-1,11MUE250GC_SIR,ID,-1,-1,24MUE250GC_SIR,ID,-1,-1,33MUE250GC_SIR,ID,-1,-1,22MUE250GC_SIR,ID,-1,-1,25MUE250GC_SIR,ID,-1,-1,15MUE250GC_SIR,ID,-1,-1,51MUE250GC_SIR,ID,-1,-1,31MUE250GC_SIR,ID,-1,-1,21MUE250GC_SIR,ID,-1,-1,52MUE250GC_SIR,ID,-1,-1,32MUE250GC_SIR,ID,-1,-1,53MUE250GC_SIR,ID,-1,-1,23MUE250GC_SIR,ID,-1,-1,29MUE250GC_SIR,ID,-1,-1,16MUE250GC_SIR,ID,-1,-1,13MUE250GC_SIR,ID,-1,-1,27MUE250GC_SIR,ID,-1,-1,12MUE250GC_SIR,ID,-1,-1;CD_GEOCODM "CD_GEOCODM" true true false 20 Text 0 0 ,First,#,17MUE250GC_SIR,CD_GEOCODM,-1,-1,11MUE250GC_SIR,CD_GEOCODM,-1,-1,24MUE250GC_SIR,CD_GEOCODM,-1,-1,33MUE250GC_SIR,CD_GEOCODM,-1,-1,22MUE250GC_SIR,CD_GEOCODM,-1,-1,25MUE250GC_SIR,CD_GEOCODM,-1,-1,15MUE250GC_SIR,CD_GEOCODM,-1,-1,51MUE250GC_SIR,CD_GEOCODM,-1,-1,31MUE250GC_SIR,CD_GEOCODM,-1,-1,21MUE250GC_SIR,CD_GEOCODM,-1,-1,52MUE250GC_SIR,CD_GEOCODM,-1,-1,32MUE250GC_SIR,CD_GEOCODM,-1,-1,53MUE250GC_SIR,CD_GEOCODM,-1,-1,23MUE250GC_SIR,CD_GEOCODM,-1,-1,29MUE250GC_SIR,CD_GEOCODM,-1,-1,16MUE250GC_SIR,CD_GEOCODM,-1,-1,13MUE250GC_SIR,CD_GEOCODM,-1,-1,27MUE250GC_SIR,CD_GEOCODM,-1,-1,12MUE250GC_SIR,CD_GEOCODM,-1,-1;NM_MUNICIP "NM_MUNICIP" true true false 60 Text 0 0 ,First,#,17MUE250GC_SIR,NM_MUNICIP,-1,-1,11MUE250GC_SIR,NM_MUNICIP,-1,-1,24MUE250GC_SIR,NM_MUNICIP,-1,-1,33MUE250GC_SIR,NM_MUNICIP,-1,-1,22MUE250GC_SIR,NM_MUNICIP,-1,-1,25MUE250GC_SIR,NM_MUNICIP,-1,-1,15MUE250GC_SIR,NM_MUNICIP,-1,-1,51MUE250GC_SIR,NM_MUNICIP,-1,-1,31MUE250GC_SIR,NM_MUNICIP,-1,-1,21MUE250GC_SIR,NM_MUNICIP,-1,-1,52MUE250GC_SIR,NM_MUNICIP,-1,-1,32MUE250GC_SIR,NM_MUNICIP,-1,-1,53MUE250GC_SIR,NM_MUNICIP,-1,-1,23MUE250GC_SIR,NM_MUNICIP,-1,-1,29MUE250GC_SIR,NM_MUNICIP,-1,-1,16MUE250GC_SIR,NM_MUNICIP,-1,-1,13MUE250GC_SIR,NM_MUNICIP,-1,-1,27MUE250GC_SIR,NM_MUNICIP,-1,-1,12MUE250GC_SIR,NM_MUNICIP,-1,-1"</Process><Process ToolSource="c:\program files (x86)\arcgis\desktop10.2\ArcToolbox\Toolboxes\Data Management Tools.tbx\Merge" Date="20140813" Time="154319">Merge Brazil;28MUE250GC_SIR;42MUE250GC_SIR;35MUE250GC_SIR;14MUE250GC_SIR;43MUE250GC_SIR;41MUE250GC_SIR;26MUE250GC_SIR;50MUE250GC_SIR C:\Users\Jonny\Documents\ArcGIS\Default.gdb\Brazil_Merge "ID "ID" true true false 11 Double 0 11 ,First,#,Brazil,ID,-1,-1,28MUE250GC_SIR,ID,-1,-1,42MUE250GC_SIR,ID,-1,-1,35MUE250GC_SIR,ID,-1,-1,14MUE250GC_SIR,ID,-1,-1,43MUE250GC_SIR,ID,-1,-1,41MUE250GC_SIR,ID,-1,-1,26MUE250GC_SIR,ID,-1,-1,50MUE250GC_SIR,ID,-1,-1;CD_GEOCODM "CD_GEOCODM" true true false 20 Text 0 0 ,First,#,Brazil,CD_GEOCODM,-1,-1,28MUE250GC_SIR,CD_GEOCODM,-1,-1,42MUE250GC_SIR,CD_GEOCODM,-1,-1,35MUE250GC_SIR,CD_GEOCODM,-1,-1,14MUE250GC_SIR,CD_GEOCODM,-1,-1,43MUE250GC_SIR,CD_GEOCODM,-1,-1,41MUE250GC_SIR,CD_GEOCODM,-1,-1,26MUE250GC_SIR,CD_GEOCODM,-1,-1,50MUE250GC_SIR,CD_GEOCODM,-1,-1;NM_MUNICIP "NM_MUNICIP" true true false 60 Text 0 0 ,First,#,Brazil,NM_MUNICIP,-1,-1,28MUE250GC_SIR,NM_MUNICIP,-1,-1,42MUE250GC_SIR,NM_MUNICIP,-1,-1,35MUE250GC_SIR,NM_MUNICIP,-1,-1,14MUE250GC_SIR,NM_MUNICIP,-1,-1,43MUE250GC_SIR,NM_MUNICIP,-1,-1,41MUE250GC_SIR,NM_MUNICIP,-1,-1,26MUE250GC_SIR,NM_MUNICIP,-1,-1,50MUE250GC_SIR,NM_MUNICIP,-1,-1"</Process><Process ToolSource="c:\program files (x86)\arcgis\desktop10.2\ArcToolbox\Toolboxes\Cartography Tools.tbx\SimplifyPolygon" Date="20140822" Time="111320">SimplifyPolygon "E:\Google Drive\Academic\Harvard\Brasil\Spatial\Brazil Administrative\IBGE 2010\Brazil_all.shp" "E:\Google Drive\Academic\Harvard\Brasil\Spatial\Brazil Administrative\IBGE 2010\Brazil_s.shp" POINT_REMOVE "0.01 Unknown" "0 Unknown" NO_CHECK KEEP_COLLAPSED_POINTS</Process></lineage></DataProperties><SyncDate>20140822</SyncDate><SyncTime>11131000</SyncTime><ModDate>20140822</ModDate><ModTime>11131000</ModTime></Esri><dataIdInfo><envirDesc Sync="TRUE">Microsoft Windows 7 Version 6.1 (Build 7601) Service Pack 1; Esri ArcGIS 10.2.2.3552</envirDesc><dataLang><languageCode value="eng" Sync="TRUE"></languageCode><countryCode value="USA" Sync="TRUE"></countryCode></dataLang><idCitation><resTitle Sync="TRUE">Brazil_s</resTitle><presForm><PresFormCd value="005" Sync="TRUE"></PresFormCd></presForm></idCitation><spatRpType><SpatRepTypCd value="001" Sync="TRUE"></SpatRepTypCd></spatRpType></dataIdInfo><mdLang><languageCode value="eng" Sync="TRUE"></languageCode><countryCode value="USA" Sync="TRUE"></countryCode></mdLang><mdChar><CharSetCd value="004" Sync="TRUE"></CharSetCd></mdChar><distInfo><distFormat><formatName Sync="TRUE">Shapefile</formatName></distFormat><distTranOps><transSize Sync="TRUE">0.000</transSize></distTranOps></distInfo><mdHrLv><ScopeCd value="005" Sync="TRUE"></ScopeCd></mdHrLv><mdHrLvName Sync="TRUE">dataset</mdHrLvName><refSysInfo><RefSystem><refSysID><identCode code="0" Sync="TRUE"></identCode></refSysID></RefSystem></refSysInfo><spatRepInfo><VectSpatRep><geometObjs Name="Brazil_s"><geoObjTyp><GeoObjTypCd value="002" Sync="TRUE"></GeoObjTypCd></geoObjTyp><geoObjCnt Sync="TRUE">0</geoObjCnt></geometObjs><topLvl><TopoLevCd value="001" Sync="TRUE"></TopoLevCd></topLvl></VectSpatRep></spatRepInfo><spdoinfo><ptvctinf><esriterm Name="Brazil_s"><efeatyp Sync="TRUE">Simple</efeatyp><efeageom code="4" Sync="TRUE"></efeageom><esritopo Sync="TRUE">FALSE</esritopo><efeacnt Sync="TRUE">0</efeacnt><spindex Sync="TRUE">FALSE</spindex><linrefer Sync="TRUE">TRUE</linrefer></esriterm></ptvctinf></spdoinfo><eainfo><detailed Name="Brazil_s"><enttyp><enttypl Sync="TRUE">Brazil_s</enttypl><enttypt Sync="TRUE">Feature Class</enttypt><enttypc Sync="TRUE">0</enttypc></enttyp><attr><attrlabl Sync="TRUE">FID</attrlabl><attalias Sync="TRUE">FID</attalias><attrtype Sync="TRUE">OID</attrtype><attwidth Sync="TRUE">4</attwidth><atprecis Sync="TRUE">0</atprecis><attscale Sync="TRUE">0</attscale><attrdef Sync="TRUE">Internal feature number.</attrdef><attrdefs Sync="TRUE">Esri</attrdefs><attrdomv><udom Sync="TRUE">Sequential unique whole numbers that are automatically generated.</udom></attrdomv></attr><attr><attrlabl Sync="TRUE">OBJECTID</attrlabl><attalias Sync="TRUE">OBJECTID</attalias><attrtype Sync="TRUE">Integer</attrtype><attwidth Sync="TRUE">9</attwidth><atprecis Sync="TRUE">9</atprecis><attscale Sync="TRUE">0</attscale><attrdef Sync="TRUE">Internal feature number.</attrdef><attrdefs Sync="TRUE">Esri</attrdefs><attrdomv><udom Sync="TRUE">Sequential unique whole numbers that are automatically generated.</udom></attrdomv></attr><attr><attrlabl Sync="TRUE">Shape</attrlabl><attalias Sync="TRUE">Shape</attalias><attrtype Sync="TRUE">Geometry</attrtype><attwidth Sync="TRUE">0</attwidth><atprecis Sync="TRUE">0</atprecis><attscale Sync="TRUE">0</attscale><attrdef Sync="TRUE">Feature geometry.</attrdef><attrdefs Sync="TRUE">Esri</attrdefs><attrdomv><udom Sync="TRUE">Coordinates defining the features.</udom></attrdomv></attr><attr><attrlabl Sync="TRUE">ID</attrlabl><attalias Sync="TRUE">ID</attalias><attrtype Sync="TRUE">Double</attrtype><attwidth Sync="TRUE">19</attwidth><atprecis Sync="TRUE">0</atprecis><attscale Sync="TRUE">0</attscale></attr><attr><attrlabl Sync="TRUE">CD_GEOCODM</attrlabl><attalias Sync="TRUE">CD_GEOCODM</attalias><attrtype Sync="TRUE">String</attrtype><attwidth Sync="TRUE">20</attwidth><atprecis Sync="TRUE">0</atprecis><attscale Sync="TRUE">0</attscale></attr><attr><attrlabl Sync="TRUE">NM_MUNICIP</attrlabl><attalias Sync="TRUE">NM_MUNICIP</attalias><attrtype Sync="TRUE">String</attrtype><attwidth Sync="TRUE">60</attwidth><atprecis Sync="TRUE">0</atprecis><attscale Sync="TRUE">0</attscale></attr><attr><attrlabl Sync="TRUE">Shape_Leng</attrlabl><attalias Sync="TRUE">Shape_Leng</attalias><attrtype Sync="TRUE">Double</attrtype><attwidth Sync="TRUE">19</attwidth><atprecis Sync="TRUE">0</atprecis><attscale Sync="TRUE">0</attscale></attr><attr><attrlabl Sync="TRUE">Shape_Area</attrlabl><attalias Sync="TRUE">Shape_Area</attalias><attrtype Sync="TRUE">Double</attrtype><attwidth Sync="TRUE">19</attwidth><atprecis Sync="TRUE">0</atprecis><attscale Sync="TRUE">0</attscale><attrdef Sync="TRUE">Area of feature in internal units squared.</attrdef><attrdefs Sync="TRUE">Esri</attrdefs><attrdomv><udom Sync="TRUE">Positive real numbers that are automatically generated.</udom></attrdomv></attr></detailed></eainfo><mdDateSt Sync="TRUE">20140822</mdDateSt></metadata>
