<?xml version="1.0" encoding="UTF-8"?>
<metadata xml:lang="en"><Esri><CreaDate>20150610</CreaDate><CreaTime>16204000</CreaTime><ArcGISFormat>1.0</ArcGISFormat><SyncOnce>FALSE</SyncOnce><DataProperties><lineage><Process ToolSource="C:\Program Files\ArcGIS\Desktop10.0\ArcToolbox\Toolboxes\Spatial Analyst Tools.tbx\RasterCalculator" Date="20140410" Time="155001">RasterCalculator ""khm_lspop2011" / "Lookup_areag1"" D:\WFP\CODs\khm\Base_data\Population\Density\khm_popdn2011</Process><Process ToolSource="C:\Program Files\ArcGIS\Desktop10.0\ArcToolbox\Toolboxes\Data Management Tools.tbx\CopyRaster" Date="20140410" Time="164834">CopyRaster D:\WFP\CODs\khm\Base_data\Population\Density\khm_popdn2011 D:\WFP\CODs\khm\Base_data\Population\Density\khm_popdn2011.tif # # # NONE NONE #</Process><Process ToolSource="C:\Program Files\ArcGIS\Desktop10.0\ArcToolbox\Toolboxes\Data Management Tools.tbx\ProjectRaster" Date="20140410" Time="170959">ProjectRaster khm_popdn2011.tif D:\WFP\CODs\khm\Base_data\Population\Density\khm_popdenr_landscan_2011.tif PROJCS['Indian_1960_UTM_Zone_48N',GEOGCS['GCS_Indian_1960',DATUM['D_Indian_1960',SPHEROID['Everest_Adjustment_1937',6377276.345,300.8017]],PRIMEM['Greenwich',0.0],UNIT['Degree',0.0174532925199433]],PROJECTION['Transverse_Mercator'],PARAMETER['False_Easting',500000.0],PARAMETER['False_Northing',0.0],PARAMETER['Central_Meridian',105.0],PARAMETER['Scale_Factor',0.9996],PARAMETER['Latitude_Of_Origin',0.0],UNIT['Meter',1.0]] NEAREST 918.599353948042 Indian_1960_To_WGS_1984_2 # GEOGCS['GCS_WGS_1984',DATUM['D_WGS_1984',SPHEROID['WGS_1984',6378137.0,298.257223563]],PRIMEM['Greenwich',0.0],UNIT['Degree',0.0174532925199433]]</Process></lineage><itemProps><itemName Sync="TRUE">khm_popdenr_landscan_2011.tif</itemName><itemLocation><linkage Sync="TRUE">file://\\WFPKH-4CD3N12\D$\VAM\GIS_Project\2_VAM\CODs_FODs_v2\khm\CODs\khm_popdenr_landscan_2011.tif</linkage><protocol Sync="TRUE">Local Area Network</protocol></itemLocation><imsContentType Sync="TRUE">002</imsContentType><nativeExtBox><westBL Sync="TRUE">206549.541247</westBL><eastBL Sync="TRUE">790778.730358</eastBL><southBL Sync="TRUE">1142441.662021</southBL><northBL Sync="TRUE">1627462.120905</northBL><exTypeCode Sync="TRUE">1</exTypeCode></nativeExtBox></itemProps><coordRef><type Sync="TRUE">Projected</type><geogcsn Sync="TRUE">GCS_Indian_1960</geogcsn><peXml Sync="TRUE">&lt;ProjectedCoordinateSystem xsi:type='typens:ProjectedCoordinateSystem' xmlns:xsi='http://www.w3.org/2001/XMLSchema-instance' xmlns:xs='http://www.w3.org/2001/XMLSchema' xmlns:typens='http://www.esri.com/schemas/ArcGIS/10.0'&gt;&lt;WKT&gt;PROJCS[&amp;quot;Indian_1960_UTM_Zone_48N&amp;quot;,GEOGCS[&amp;quot;GCS_Indian_1960&amp;quot;,DATUM[&amp;quot;D_Indian_1960&amp;quot;,SPHEROID[&amp;quot;Everest_Adjustment_1937&amp;quot;,6377276.345,300.8017]],PRIMEM[&amp;quot;Greenwich&amp;quot;,0.0],UNIT[&amp;quot;Degree&amp;quot;,0.0174532925199433]],PROJECTION[&amp;quot;Transverse_Mercator&amp;quot;],PARAMETER[&amp;quot;False_Easting&amp;quot;,500000.0],PARAMETER[&amp;quot;False_Northing&amp;quot;,0.0],PARAMETER[&amp;quot;Central_Meridian&amp;quot;,105.0],PARAMETER[&amp;quot;Scale_Factor&amp;quot;,0.9996],PARAMETER[&amp;quot;Latitude_Of_Origin&amp;quot;,0.0],UNIT[&amp;quot;Meter&amp;quot;,1.0],AUTHORITY[&amp;quot;EPSG&amp;quot;,3148]]&lt;/WKT&gt;&lt;XOrigin&gt;-5120100&lt;/XOrigin&gt;&lt;YOrigin&gt;-9996900&lt;/YOrigin&gt;&lt;XYScale&gt;450499617.61851126&lt;/XYScale&gt;&lt;ZOrigin&gt;-100000&lt;/ZOrigin&gt;&lt;ZScale&gt;10000&lt;/ZScale&gt;&lt;MOrigin&gt;-100000&lt;/MOrigin&gt;&lt;MScale&gt;10000&lt;/MScale&gt;&lt;XYTolerance&gt;0.001&lt;/XYTolerance&gt;&lt;ZTolerance&gt;0.001&lt;/ZTolerance&gt;&lt;MTolerance&gt;0.001&lt;/MTolerance&gt;&lt;HighPrecision&gt;true&lt;/HighPrecision&gt;&lt;WKID&gt;3148&lt;/WKID&gt;&lt;/ProjectedCoordinateSystem&gt;</peXml><projcsn Sync="TRUE">Indian_1960_UTM_Zone_48N</projcsn></coordRef><RasterProperties><General><PixelDepth Sync="TRUE">32</PixelDepth><HasColormap Sync="TRUE">FALSE</HasColormap><CompressionType Sync="TRUE">None</CompressionType><NumBands Sync="TRUE">1</NumBands><Format Sync="TRUE">TIFF</Format><HasPyramids Sync="TRUE">TRUE</HasPyramids><SourceType Sync="TRUE">continuous</SourceType><PixelType Sync="TRUE">floating point</PixelType><NoDataValue Sync="TRUE">-3.4028235e+038</NoDataValue></General></RasterProperties><copyHistory><copy source="D:\VAM\GIS_Project\2_VAM\CODs_FODs_v2\khm\CODs\Demographics\khm_popdenr_landscan_2011.tif" dest="\\WFPKH-4CD3N12\D$\VAM\GIS_Project\2_VAM\CODs_FODs_v2\khm\CODs\khm_popdenr_landscan_2011.tif" date="20150610" time="16204000"></copy></copyHistory></DataProperties><SyncDate>20140410</SyncDate><SyncTime>17095900</SyncTime><ModDate>20140410</ModDate><ModTime>17095900</ModTime><ArcGISstyle>Item Description</ArcGISstyle></Esri><dataIdInfo><envirDesc Sync="TRUE">Microsoft Windows Server 2008 R2 Version 6.1 (Build 7601) Service Pack 1; ESRI ArcGIS 10.0.0.2414</envirDesc><dataLang><languageCode value="eng" country="USA"></languageCode></dataLang><idCitation><resTitle Sync="TRUE">khm_popdenr_landscan_2011.tif</resTitle><presForm><PresFormCd value="005"></PresFormCd></presForm></idCitation><descKeys><thesaName uuidref="723f6998-058e-11dc-8314-0800200c9a66"></thesaName><keyword Sync="TRUE">002</keyword></descKeys><spatRpType><SpatRepTypCd value="002"></SpatRepTypCd></spatRpType><dataExt><geoEle><GeoBndBox esriExtentType="search"><westBL Sync="TRUE">102.274634</westBL><eastBL Sync="TRUE">107.700572</eastBL><northBL Sync="TRUE">14.722125</northBL><southBL Sync="TRUE">10.324595</southBL><exTypeCode Sync="TRUE">1</exTypeCode></GeoBndBox></geoEle></dataExt></dataIdInfo><mdLang><languageCode value="eng"></languageCode></mdLang><mdChar><CharSetCd value="004"></CharSetCd></mdChar><distInfo><distFormat><formatName Sync="TRUE">Raster Dataset</formatName></distFormat></distInfo><mdHrLv><ScopeCd value="005"></ScopeCd></mdHrLv><mdHrLvName Sync="TRUE">dataset</mdHrLvName><refSysInfo><RefSystem><refSysID><identCode code="3148"></identCode><idCodeSpace Sync="TRUE">EPSG</idCodeSpace><idVersion Sync="TRUE">7.4.1</idVersion></refSysID></RefSystem></refSysInfo><spatRepInfo><Georect><cellGeo><CellGeoCd Sync="TRUE" value="002"></CellGeoCd></cellGeo><numDims Sync="TRUE">2</numDims><tranParaAv Sync="TRUE">1</tranParaAv><chkPtAv Sync="TRUE">0</chkPtAv><cornerPts><pos Sync="TRUE">206549.541247 1142441.662021</pos></cornerPts><cornerPts><pos Sync="TRUE">206549.541247 1627462.120905</pos></cornerPts><cornerPts><pos Sync="TRUE">790778.730358 1627462.120905</pos></cornerPts><cornerPts><pos Sync="TRUE">790778.730358 1142441.662021</pos></cornerPts><centerPt><pos Sync="TRUE">498664.135802 1384951.891463</pos></centerPt><axisDimension type="002"><dimSize Sync="TRUE">636</dimSize><dimResol><value Sync="TRUE" uom="Meter">918.599354</value></dimResol></axisDimension><axisDimension type="001"><dimSize Sync="TRUE">528</dimSize><dimResol><value Sync="TRUE" uom="Meter">918.599354</value></dimResol></axisDimension><ptInPixel><PixOrientCd Sync="TRUE" value="001"></PixOrientCd></ptInPixel></Georect></spatRepInfo><contInfo><ImgDesc><contentTyp><ContentTypCd Sync="TRUE" value="001"></ContentTypCd></contentTyp><covDim><Band><dimDescrp Sync="TRUE">Band_1</dimDescrp><bitsPerVal Sync="TRUE">32</bitsPerVal><valUnit><UOM type="length"><unitSymbol Sync="TRUE">Meter</unitSymbol></UOM></valUnit></Band></covDim></ImgDesc></contInfo><mdDateSt Sync="TRUE">20140410</mdDateSt></metadata>
