<PAMDataset>
  <Metadata/>
  <Metadata domain="ESRI">
    <MDI key="PyramidResamplingType">NEAREST</MDI>
  </Metadata>
  <PAMRasterBand band="1">
    <Histograms>
      <HistItem>
        <HistMin>0</HistMin>
        <HistMax>84717.5390625</HistMax>
        <BucketCount>256</BucketCount>
        <IncludeOutOfRange>1</IncludeOutOfRange>
        <Approximate>0</Approximate>
        <HistCounts>207426|2412|1610|1110|620|485|332|236|222|197|107|166|76|87|48|38|36|16|10|11|9|7|10|6|3|2|5|4|2|2|3|2|0|3|4|2|2|3|0|1|1|2|5|1|2|0|1|2|1|0|0|2|1|0|1|0|0|0|1|0|0|1|1|0|0|1|0|0|0|0|0|1|1|1|0|0|0|1|1|1|1|2|0|0|0|0|2|0|1|0|1|0|1|2|0|0|1|0|2|1|0|2|0|1|0|0|2|1|1|1|1|1|0|0|0|0|1|0|0|0|0|0|0|1|0|0|0|0|0|1|0|0|0|0|0|0|0|0|0|0|0|0|0|0|0|0|0|0|0|0|1|0|0|0|0|0|0|0|0|0|0|0|0|0|0|0|0|0|0|0|0|0|0|0|0|0|0|0|0|1|0|1|0|0|0|0|0|0|0|1|0|0|0|0|0|0|0|0|0|0|0|0|0|0|0|0|0|0|0|0|0|0|0|0|0|0|0|0|0|0|0|0|0|0|0|0|0|0|0|0|0|0|0|0|0|0|0|0|0|1|0|0|0|0|0|0|0|0|0|0|0|0|0|0|0|1</HistCounts>
      </HistItem>
    </Histograms>
  </PAMRasterBand>
</PAMDataset>
